id,url,title,content,topic,source,authors,publish_date,extraction_date,word_count
gaza_001,https://example-news.com/gaza/article-1,Gaza Conflict Escalates as Violence Continues - Breaking News,"Tensions escalated following rocket attacks from Gaza, prompting Israeli military response. The conflict has resulted in significant damage to infrastructure. Hamas, the militant organization controlling Gaza, has been accused of launching attacks from residential areas. International observers called for restraint from both sides.: What We Know The military operation lasted several hours.",gaza,Guardian,['Journalist 25'],2024-02-02T00:00:00,2024-01-15T10:00:00,52
gaza_002,https://example-news.com/gaza/article-2,Gaza Conflict Escalates as Violence Continues,"Tensions escalated following rocket attacks from Gaza, prompting Israeli military response. The conflict has resulted in significant damage to infrastructure. Hamas, the militant organization controlling Gaza, has been accused of launching attacks from residential areas. International observers called for restraint from both sides. - Latest Updates The conflict has drawn international attention.",gaza,Guardian,['Journalist 33'],2023-10-19T00:00:00,2024-01-15T10:00:00,52
gaza_003,https://example-news.com/gaza/article-3,Israel Launches Military Operation in Gaza,Israeli forces launched a military operation in response to continued aggression from Gaza. The targeted strikes focused on Hamas military compounds and weapons depots. Military analysts noted that militants often operate from within civilian neighborhoods. The operation is part of ongoing efforts to ensure Israeli security. - Latest Updates Palestinian officials reported casualties.,gaza,Reuters,['Journalist 12'],2024-01-09T00:00:00,2024-01-15T10:00:00,53
gaza_004,https://example-news.com/gaza/article-4,Gaza Conflict Escalates as Violence Continues - Report,Israeli forces launched a military operation in response to continued aggression from Gaza. The targeted strikes focused on Hamas military compounds and weapons depots. Military analysts noted that militants often operate from within civilian neighborhoods. The operation is part of ongoing efforts to ensure Israeli security. Palestinian officials reported casualties.,gaza,New York Times,['Journalist 39'],2024-07-09T00:00:00,2024-01-15T10:00:00,50
gaza_005,https://example-news.com/gaza/article-5,Israel Launches Military Operation in Gaza: What We Know,Israeli forces launched a military operation in response to continued aggression from Gaza. The targeted strikes focused on Hamas military compounds and weapons depots. Military analysts noted that militants often operate from within civilian neighborhoods. The operation is part of ongoing efforts to ensure Israeli security. - Breaking News The conflict has drawn international attention.,gaza,New York Times,['Journalist 27'],2024-04-09T00:00:00,2024-01-15T10:00:00,55
gaza_006,https://example-news.com/gaza/article-6,Hamas Militants Fire Rockets at Israel - Analysis,The Israeli military conducted a series of targeted strikes against Hamas positions in Gaza. The operation targeted terrorist infrastructure and weapons storage facilities. Military officials reported that militants were using civilian areas as cover. The escalation began when Hamas fighters launched rockets into Israeli territory. - Breaking News Israeli officials stated the operation was successful.,gaza,Guardian,['Journalist 26'],2024-07-03T00:00:00,2024-01-15T10:00:00,55
gaza_007,https://example-news.com/gaza/article-7,Hamas Militants Fire Rockets at Israel - Report,"Violence flared up again in the ongoing conflict as Israeli forces responded to attacks from Gaza. The military operation aimed to neutralize threats from Hamas militants. According to sources, the extremist group has been using civilian populations as human shields. The Israeli Defense Forces stated they are taking precautions to minimize civilian casualties. - Analysis The military operation lasted several hours.",gaza,Guardian,['Journalist 3'],2024-01-22T00:00:00,2024-01-15T10:00:00,61
gaza_008,https://example-news.com/gaza/article-8,Gaza Conflict Escalates as Violence Continues,"Violence flared up again in the ongoing conflict as Israeli forces responded to attacks from Gaza. The military operation aimed to neutralize threats from Hamas militants. According to sources, the extremist group has been using civilian populations as human shields. The Israeli Defense Forces stated they are taking precautions to minimize civilian casualties. - Breaking News The military operation lasted several hours.",gaza,BBC,['Journalist 31'],2023-12-14T00:00:00,2024-01-15T10:00:00,62
gaza_009,https://example-news.com/gaza/article-9,Hamas Militants Fire Rockets at Israel - Breaking News,The Israeli military conducted a series of targeted strikes against Hamas positions in Gaza. The operation targeted terrorist infrastructure and weapons storage facilities. Military officials reported that militants were using civilian areas as cover. The escalation began when Hamas fighters launched rockets into Israeli territory. - Report The conflict has drawn international attention.,gaza,CNN,['Journalist 13'],2024-07-04T00:00:00,2024-01-15T10:00:00,53
gaza_010,https://example-news.com/gaza/article-10,Israel Launches Military Operation in Gaza - Report,Israeli forces launched a military operation in response to continued aggression from Gaza. The targeted strikes focused on Hamas military compounds and weapons depots. Military analysts noted that militants often operate from within civilian neighborhoods. The operation is part of ongoing efforts to ensure Israeli security. - Analysis Palestinian officials reported casualties.,gaza,Reuters,['Journalist 6'],2023-10-29T00:00:00,2024-01-15T10:00:00,52
gaza_011,https://example-news.com/gaza/article-11,Hamas Militants Fire Rockets at Israel - Latest Updates,"Violence flared up again in the ongoing conflict as Israeli forces responded to attacks from Gaza. The military operation aimed to neutralize threats from Hamas militants. According to sources, the extremist group has been using civilian populations as human shields. The Israeli Defense Forces stated they are taking precautions to minimize civilian casualties. - Latest Updates Palestinian officials reported casualties.",gaza,CNN,['Journalist 33'],2024-01-18T00:00:00,2024-01-15T10:00:00,60
gaza_012,https://example-news.com/gaza/article-12,Hamas Militants Fire Rockets at Israel - Analysis,"Violence flared up again in the ongoing conflict as Israeli forces responded to attacks from Gaza. The military operation aimed to neutralize threats from Hamas militants. According to sources, the extremist group has been using civilian populations as human shields. The Israeli Defense Forces stated they are taking precautions to minimize civilian casualties. - Analysis The military operation lasted several hours.",gaza,BBC,['Journalist 36'],2024-12-12T00:00:00,2024-01-15T10:00:00,61
gaza_013,https://example-news.com/gaza/article-13,Israeli Forces Target Terrorist Infrastructure - Breaking News,"Tensions escalated following rocket attacks from Gaza, prompting Israeli military response. The conflict has resulted in significant damage to infrastructure. Hamas, the militant organization controlling Gaza, has been accused of launching attacks from residential areas. International observers called for restraint from both sides. - Analysis The military operation lasted several hours.",gaza,BBC,['Journalist 14'],2023-11-16T00:00:00,2024-01-15T10:00:00,51
gaza_014,https://example-news.com/gaza/article-14,Israel Launches Military Operation in Gaza,"Tensions escalated following rocket attacks from Gaza, prompting Israeli military response. The conflict has resulted in significant damage to infrastructure. Hamas, the militant organization controlling Gaza, has been accused of launching attacks from residential areas. International observers called for restraint from both sides. - Latest Updates The conflict has drawn international attention.",gaza,New York Times,['Journalist 13'],2024-02-18T00:00:00,2024-01-15T10:00:00,52
gaza_015,https://example-news.com/gaza/article-15,Gaza Conflict Escalates as Violence Continues - Latest Updates,"Tensions escalated following rocket attacks from Gaza, prompting Israeli military response. The conflict has resulted in significant damage to infrastructure. Hamas, the militant organization controlling Gaza, has been accused of launching attacks from residential areas. International observers called for restraint from both sides. - Breaking News Palestinian officials reported casualties.",gaza,Guardian,['Journalist 46'],2024-03-25T00:00:00,2024-01-15T10:00:00,50
gaza_016,https://example-news.com/gaza/article-16,Israeli Forces Target Terrorist Infrastructure - Analysis,The Israeli military conducted a series of targeted strikes against Hamas positions in Gaza. The operation targeted terrorist infrastructure and weapons storage facilities. Military officials reported that militants were using civilian areas as cover. The escalation began when Hamas fighters launched rockets into Israeli territory.: What We Know The military operation lasted several hours.,gaza,Guardian,['Journalist 38'],2024-05-17T00:00:00,2024-01-15T10:00:00,54
gaza_017,https://example-news.com/gaza/article-17,Israeli Forces Target Terrorist Infrastructure - Analysis,The Israeli military conducted a series of targeted strikes against Hamas positions in Gaza. The operation targeted terrorist infrastructure and weapons storage facilities. Military officials reported that militants were using civilian areas as cover. The escalation began when Hamas fighters launched rockets into Israeli territory.: What We Know Israeli officials stated the operation was successful.,gaza,CNN,['Journalist 10'],2024-06-10T00:00:00,2024-01-15T10:00:00,55
gaza_018,https://example-news.com/gaza/article-18,Hamas Militants Fire Rockets at Israel - Analysis,Israeli forces launched a military operation in response to continued aggression from Gaza. The targeted strikes focused on Hamas military compounds and weapons depots. Military analysts noted that militants often operate from within civilian neighborhoods. The operation is part of ongoing efforts to ensure Israeli security. - Report Israeli officials stated the operation was successful.,gaza,CNN,['Journalist 24'],2023-11-10T00:00:00,2024-01-15T10:00:00,55
gaza_019,https://example-news.com/gaza/article-19,Israeli Forces Target Terrorist Infrastructure - Breaking News,"Violence flared up again in the ongoing conflict as Israeli forces responded to attacks from Gaza. The military operation aimed to neutralize threats from Hamas militants. According to sources, the extremist group has been using civilian populations as human shields. The Israeli Defense Forces stated they are taking precautions to minimize civilian casualties. - Analysis The military operation lasted several hours.",gaza,BBC,['Journalist 15'],2024-11-29T00:00:00,2024-01-15T10:00:00,61
gaza_020,https://example-news.com/gaza/article-20,Civilian Casualties Reported in Gaza Strikes,"Violence flared up again in the ongoing conflict as Israeli forces responded to attacks from Gaza. The military operation aimed to neutralize threats from Hamas militants. According to sources, the extremist group has been using civilian populations as human shields. The Israeli Defense Forces stated they are taking precautions to minimize civilian casualties.: What We Know The conflict has drawn international attention.",gaza,Guardian,['Journalist 12'],2024-09-09T00:00:00,2024-01-15T10:00:00,62
gaza_021,https://example-news.com/gaza/article-21,Civilian Casualties Reported in Gaza Strikes,"Tensions escalated following rocket attacks from Gaza, prompting Israeli military response. The conflict has resulted in significant damage to infrastructure. Hamas, the militant organization controlling Gaza, has been accused of launching attacks from residential areas. International observers called for restraint from both sides. - Latest Updates The military operation lasted several hours.",gaza,CNN,['Journalist 27'],2024-05-16T00:00:00,2024-01-15T10:00:00,52
gaza_022,https://example-news.com/gaza/article-22,Israeli Forces Target Terrorist Infrastructure - Breaking News,"Tensions escalated following rocket attacks from Gaza, prompting Israeli military response. The conflict has resulted in significant damage to infrastructure. Hamas, the militant organization controlling Gaza, has been accused of launching attacks from residential areas. International observers called for restraint from both sides. - Breaking News The military operation lasted several hours.",gaza,CNN,['Journalist 34'],2023-12-20T00:00:00,2024-01-15T10:00:00,52
gaza_023,https://example-news.com/gaza/article-23,Israel Launches Military Operation in Gaza - Analysis,"Tensions escalated following rocket attacks from Gaza, prompting Israeli military response. The conflict has resulted in significant damage to infrastructure. Hamas, the militant organization controlling Gaza, has been accused of launching attacks from residential areas. International observers called for restraint from both sides.: What We Know Israeli officials stated the operation was successful.",gaza,New York Times,['Journalist 42'],2023-12-09T00:00:00,2024-01-15T10:00:00,53
gaza_024,https://example-news.com/gaza/article-24,Gaza Conflict Escalates as Violence Continues - Latest Updates,"Tensions escalated following rocket attacks from Gaza, prompting Israeli military response. The conflict has resulted in significant damage to infrastructure. Hamas, the militant organization controlling Gaza, has been accused of launching attacks from residential areas. International observers called for restraint from both sides. - Analysis The conflict has drawn international attention.",gaza,New York Times,['Journalist 12'],2024-04-13T00:00:00,2024-01-15T10:00:00,51
gaza_025,https://example-news.com/gaza/article-25,Hamas Militants Fire Rockets at Israel,Israeli forces launched a military operation in response to continued aggression from Gaza. The targeted strikes focused on Hamas military compounds and weapons depots. Military analysts noted that militants often operate from within civilian neighborhoods. The operation is part of ongoing efforts to ensure Israeli security. - Report Humanitarian organizations expressed concern.,gaza,BBC,['Journalist 7'],2024-10-15T00:00:00,2024-01-15T10:00:00,52
gaza_026,https://example-news.com/gaza/article-26,Israel Launches Military Operation in Gaza - Report,Israeli forces launched a military operation in response to continued aggression from Gaza. The targeted strikes focused on Hamas military compounds and weapons depots. Military analysts noted that militants often operate from within civilian neighborhoods. The operation is part of ongoing efforts to ensure Israeli security. - Latest Updates Israeli officials stated the operation was successful.,gaza,Reuters,['Journalist 6'],2024-04-20T00:00:00,2024-01-15T10:00:00,56
gaza_027,https://example-news.com/gaza/article-27,Civilian Casualties Reported in Gaza Strikes - Latest Updates,The Israeli military conducted a series of targeted strikes against Hamas positions in Gaza. The operation targeted terrorist infrastructure and weapons storage facilities. Military officials reported that militants were using civilian areas as cover. The escalation began when Hamas fighters launched rockets into Israeli territory. - Report Israeli officials stated the operation was successful.,gaza,New York Times,['Journalist 31'],2023-11-26T00:00:00,2024-01-15T10:00:00,54
gaza_028,https://example-news.com/gaza/article-28,Israel Launches Military Operation in Gaza,The Israeli military conducted a series of targeted strikes against Hamas positions in Gaza. The operation targeted terrorist infrastructure and weapons storage facilities. Military officials reported that militants were using civilian areas as cover. The escalation began when Hamas fighters launched rockets into Israeli territory. - Latest Updates Israeli officials stated the operation was successful.,gaza,CNN,['Journalist 26'],2023-10-20T00:00:00,2024-01-15T10:00:00,55
gaza_029,https://example-news.com/gaza/article-29,Hamas Militants Fire Rockets at Israel,"Tensions escalated following rocket attacks from Gaza, prompting Israeli military response. The conflict has resulted in significant damage to infrastructure. Hamas, the militant organization controlling Gaza, has been accused of launching attacks from residential areas. International observers called for restraint from both sides. - Breaking News The military operation lasted several hours.",gaza,BBC,['Journalist 6'],2024-02-05T00:00:00,2024-01-15T10:00:00,52
gaza_030,https://example-news.com/gaza/article-30,Hamas Militants Fire Rockets at Israel,Israeli forces launched a military operation in response to continued aggression from Gaza. The targeted strikes focused on Hamas military compounds and weapons depots. Military analysts noted that militants often operate from within civilian neighborhoods. The operation is part of ongoing efforts to ensure Israeli security. - Breaking News Israeli officials stated the operation was successful.,gaza,BBC,['Journalist 11'],2024-04-16T00:00:00,2024-01-15T10:00:00,56
gaza_031,https://example-news.com/gaza/article-31,Civilian Casualties Reported in Gaza Strikes: What We Know,The Israeli military conducted a series of targeted strikes against Hamas positions in Gaza. The operation targeted terrorist infrastructure and weapons storage facilities. Military officials reported that militants were using civilian areas as cover. The escalation began when Hamas fighters launched rockets into Israeli territory. - Analysis The conflict has drawn international attention.,gaza,Guardian,['Journalist 27'],2024-11-29T00:00:00,2024-01-15T10:00:00,53
gaza_032,https://example-news.com/gaza/article-32,Israel Launches Military Operation in Gaza,"Violence flared up again in the ongoing conflict as Israeli forces responded to attacks from Gaza. The military operation aimed to neutralize threats from Hamas militants. According to sources, the extremist group has been using civilian populations as human shields. The Israeli Defense Forces stated they are taking precautions to minimize civilian casualties.: What We Know Israeli officials stated the operation was successful.",gaza,BBC,['Journalist 5'],2024-03-02T00:00:00,2024-01-15T10:00:00,63
gaza_033,https://example-news.com/gaza/article-33,Israel Launches Military Operation in Gaza - Breaking News,Israeli forces launched a military operation in response to continued aggression from Gaza. The targeted strikes focused on Hamas military compounds and weapons depots. Military analysts noted that militants often operate from within civilian neighborhoods. The operation is part of ongoing efforts to ensure Israeli security. - Report Humanitarian organizations expressed concern.,gaza,CNN,['Journalist 38'],2023-10-26T00:00:00,2024-01-15T10:00:00,52
gaza_034,https://example-news.com/gaza/article-34,Hamas Militants Fire Rockets at Israel - Analysis,The Israeli military conducted a series of targeted strikes against Hamas positions in Gaza. The operation targeted terrorist infrastructure and weapons storage facilities. Military officials reported that militants were using civilian areas as cover. The escalation began when Hamas fighters launched rockets into Israeli territory. - Latest Updates The conflict has drawn international attention.,gaza,BBC,['Journalist 29'],2024-10-15T00:00:00,2024-01-15T10:00:00,54
gaza_035,https://example-news.com/gaza/article-35,Israeli Forces Target Terrorist Infrastructure: What We Know,"Violence flared up again in the ongoing conflict as Israeli forces responded to attacks from Gaza. The military operation aimed to neutralize threats from Hamas militants. According to sources, the extremist group has been using civilian populations as human shields. The Israeli Defense Forces stated they are taking precautions to minimize civilian casualties. - Analysis The conflict has drawn international attention.",gaza,CNN,['Journalist 5'],2024-08-12T00:00:00,2024-01-15T10:00:00,61
gaza_036,https://example-news.com/gaza/article-36,Hamas Militants Fire Rockets at Israel - Report,Israeli forces launched a military operation in response to continued aggression from Gaza. The targeted strikes focused on Hamas military compounds and weapons depots. Military analysts noted that militants often operate from within civilian neighborhoods. The operation is part of ongoing efforts to ensure Israeli security. - Report The military operation lasted several hours.,gaza,Reuters,['Journalist 20'],2024-07-24T00:00:00,2024-01-15T10:00:00,54
gaza_037,https://example-news.com/gaza/article-37,Civilian Casualties Reported in Gaza Strikes - Report,Israeli forces launched a military operation in response to continued aggression from Gaza. The targeted strikes focused on Hamas military compounds and weapons depots. Military analysts noted that militants often operate from within civilian neighborhoods. The operation is part of ongoing efforts to ensure Israeli security. - Breaking News The military operation lasted several hours.,gaza,CNN,['Journalist 33'],2023-11-30T00:00:00,2024-01-15T10:00:00,55
gaza_038,https://example-news.com/gaza/article-38,Israel Launches Military Operation in Gaza - Analysis,"Violence flared up again in the ongoing conflict as Israeli forces responded to attacks from Gaza. The military operation aimed to neutralize threats from Hamas militants. According to sources, the extremist group has been using civilian populations as human shields. The Israeli Defense Forces stated they are taking precautions to minimize civilian casualties. - Breaking News The military operation lasted several hours.",gaza,New York Times,['Journalist 41'],2023-11-04T00:00:00,2024-01-15T10:00:00,62
gaza_039,https://example-news.com/gaza/article-39,Gaza Conflict Escalates as Violence Continues - Breaking News,Israeli forces launched a military operation in response to continued aggression from Gaza. The targeted strikes focused on Hamas military compounds and weapons depots. Military analysts noted that militants often operate from within civilian neighborhoods. The operation is part of ongoing efforts to ensure Israeli security. - Breaking News The military operation lasted several hours.,gaza,CNN,['Journalist 23'],2024-11-09T00:00:00,2024-01-15T10:00:00,55
gaza_040,https://example-news.com/gaza/article-40,Israel Launches Military Operation in Gaza - Report,The Israeli military conducted a series of targeted strikes against Hamas positions in Gaza. The operation targeted terrorist infrastructure and weapons storage facilities. Military officials reported that militants were using civilian areas as cover. The escalation began when Hamas fighters launched rockets into Israeli territory. - Report Humanitarian organizations expressed concern.,gaza,New York Times,['Journalist 30'],2024-10-14T00:00:00,2024-01-15T10:00:00,51
gaza_041,https://example-news.com/gaza/article-41,Israel Launches Military Operation in Gaza,Israeli forces launched a military operation in response to continued aggression from Gaza. The targeted strikes focused on Hamas military compounds and weapons depots. Military analysts noted that militants often operate from within civilian neighborhoods. The operation is part of ongoing efforts to ensure Israeli security. - Latest Updates The military operation lasted several hours.,gaza,Guardian,['Journalist 34'],2023-11-15T00:00:00,2024-01-15T10:00:00,55
gaza_042,https://example-news.com/gaza/article-42,Israeli Forces Target Terrorist Infrastructure: What We Know,"Tensions escalated following rocket attacks from Gaza, prompting Israeli military response. The conflict has resulted in significant damage to infrastructure. Hamas, the militant organization controlling Gaza, has been accused of launching attacks from residential areas. International observers called for restraint from both sides. - Analysis Humanitarian organizations expressed concern.",gaza,BBC,['Journalist 12'],2024-09-22T00:00:00,2024-01-15T10:00:00,49
gaza_043,https://example-news.com/gaza/article-43,Israeli Forces Target Terrorist Infrastructure,"Tensions escalated following rocket attacks from Gaza, prompting Israeli military response. The conflict has resulted in significant damage to infrastructure. Hamas, the militant organization controlling Gaza, has been accused of launching attacks from residential areas. International observers called for restraint from both sides. - Latest Updates Palestinian officials reported casualties.",gaza,Reuters,['Journalist 3'],2024-06-27T00:00:00,2024-01-15T10:00:00,50
gaza_044,https://example-news.com/gaza/article-44,Civilian Casualties Reported in Gaza Strikes - Analysis,"Tensions escalated following rocket attacks from Gaza, prompting Israeli military response. The conflict has resulted in significant damage to infrastructure. Hamas, the militant organization controlling Gaza, has been accused of launching attacks from residential areas. International observers called for restraint from both sides. - Breaking News Israeli officials stated the operation was successful.",gaza,Reuters,['Journalist 5'],2024-06-10T00:00:00,2024-01-15T10:00:00,53
gaza_045,https://example-news.com/gaza/article-45,Hamas Militants Fire Rockets at Israel,The Israeli military conducted a series of targeted strikes against Hamas positions in Gaza. The operation targeted terrorist infrastructure and weapons storage facilities. Military officials reported that militants were using civilian areas as cover. The escalation began when Hamas fighters launched rockets into Israeli territory. - Analysis Humanitarian organizations expressed concern.,gaza,Reuters,['Journalist 38'],2023-11-09T00:00:00,2024-01-15T10:00:00,51
gaza_046,https://example-news.com/gaza/article-46,Gaza Conflict Escalates as Violence Continues - Analysis,"Violence flared up again in the ongoing conflict as Israeli forces responded to attacks from Gaza. The military operation aimed to neutralize threats from Hamas militants. According to sources, the extremist group has been using civilian populations as human shields. The Israeli Defense Forces stated they are taking precautions to minimize civilian casualties. Palestinian officials reported casualties.",gaza,BBC,['Journalist 39'],2024-12-29T00:00:00,2024-01-15T10:00:00,57
gaza_047,https://example-news.com/gaza/article-47,Gaza Conflict Escalates as Violence Continues - Breaking News,"Violence flared up again in the ongoing conflict as Israeli forces responded to attacks from Gaza. The military operation aimed to neutralize threats from Hamas militants. According to sources, the extremist group has been using civilian populations as human shields. The Israeli Defense Forces stated they are taking precautions to minimize civilian casualties. - Breaking News The conflict has drawn international attention.",gaza,New York Times,['Journalist 24'],2024-07-05T00:00:00,2024-01-15T10:00:00,62
gaza_048,https://example-news.com/gaza/article-48,Hamas Militants Fire Rockets at Israel - Latest Updates,The Israeli military conducted a series of targeted strikes against Hamas positions in Gaza. The operation targeted terrorist infrastructure and weapons storage facilities. Military officials reported that militants were using civilian areas as cover. The escalation began when Hamas fighters launched rockets into Israeli territory. - Report The military operation lasted several hours.,gaza,Guardian,['Journalist 19'],2023-11-07T00:00:00,2024-01-15T10:00:00,53
gaza_049,https://example-news.com/gaza/article-49,Israel Launches Military Operation in Gaza: What We Know,"Tensions escalated following rocket attacks from Gaza, prompting Israeli military response. The conflict has resulted in significant damage to infrastructure. Hamas, the militant organization controlling Gaza, has been accused of launching attacks from residential areas. International observers called for restraint from both sides. - Analysis Humanitarian organizations expressed concern.",gaza,BBC,['Journalist 50'],2024-09-30T00:00:00,2024-01-15T10:00:00,49
gaza_050,https://example-news.com/gaza/article-50,Civilian Casualties Reported in Gaza Strikes: What We Know,Israeli forces launched a military operation in response to continued aggression from Gaza. The targeted strikes focused on Hamas military compounds and weapons depots. Military analysts noted that militants often operate from within civilian neighborhoods. The operation is part of ongoing efforts to ensure Israeli security. - Latest Updates Israeli officials stated the operation was successful.,gaza,BBC,['Journalist 5'],2024-06-02T00:00:00,2024-01-15T10:00:00,56
ukraine_001,https://example-news.com/ukraine/article-1,Ukrainian Heroes Fight for Freedom - Report,The Ukrainian spirit remains unbroken despite continued Russian attacks on civilian infrastructure. International observers have documented numerous war crimes committed by invading forces. Ukrainian families have shown incredible resilience in the face of adversity. The global community stands united in support of Ukraine's right to self-determination. - Breaking News President Zelensky addressed the nation.,ukraine,CNN,['Journalist 16'],2023-10-25T00:00:00,2024-01-15T10:00:00,54
ukraine_002,https://example-news.com/ukraine/article-2,Ukrainian Heroes Fight for Freedom: What We Know,The Ukrainian spirit remains unbroken despite continued Russian attacks on civilian infrastructure. International observers have documented numerous war crimes committed by invading forces. Ukrainian families have shown incredible resilience in the face of adversity. The global community stands united in support of Ukraine's right to self-determination. - Analysis Russian officials denied the allegations.,ukraine,Guardian,['Journalist 15'],2022-03-13T00:00:00,2024-01-15T10:00:00,53
ukraine_003,https://example-news.com/ukraine/article-3,Russia Commits War Crimes in Ukraine - Breaking News,The Ukrainian spirit remains unbroken despite continued Russian attacks on civilian infrastructure. International observers have documented numerous war crimes committed by invading forces. Ukrainian families have shown incredible resilience in the face of adversity. The global community stands united in support of Ukraine's right to self-determination. The international community pledged support.,ukraine,Guardian,['Journalist 6'],2024-03-15T00:00:00,2024-01-15T10:00:00,51
ukraine_004,https://example-news.com/ukraine/article-4,Brave Ukrainian Civilians Defend Their Homeland - Analysis,The Ukrainian people continue to inspire the world with their courageous defense of their homeland. Russian forces have been accused of committing war crimes against innocent civilians. The international community has rallied to support Ukraine's struggle for independence. Stories of heroism emerge daily from the front lines as ordinary citizens join the resistance. - Latest Updates The UN Security Council held an emergency session.,ukraine,BBC,['Journalist 4'],2022-04-12T00:00:00,2024-01-15T10:00:00,64
ukraine_005,https://example-news.com/ukraine/article-5,Ukrainian Forces Resist Russian Invasion - Breaking News,The Ukrainian spirit remains unbroken despite continued Russian attacks on civilian infrastructure. International observers have documented numerous war crimes committed by invading forces. Ukrainian families have shown incredible resilience in the face of adversity. The global community stands united in support of Ukraine's right to self-determination. - Latest Updates The UN Security Council held an emergency session.,ukraine,New York Times,['Journalist 34'],2023-06-26T00:00:00,2024-01-15T10:00:00,57
ukraine_006,https://example-news.com/ukraine/article-6,Russia Commits War Crimes in Ukraine - Latest Updates,"Ukraine's heroic resistance against Russian aggression has captured global attention. Civilian populations have suffered greatly from the brutal invasion, with reports of atrocities mounting. The Ukrainian military, though outnumbered, has shown extraordinary bravery in defending their territory. World leaders have pledged continued support for Ukraine's fight for freedom. - Report NATO allies provided humanitarian aid.",ukraine,Reuters,['Journalist 46'],2024-11-28T00:00:00,2024-01-15T10:00:00,55
ukraine_007,https://example-news.com/ukraine/article-7,Russia Commits War Crimes in Ukraine - Breaking News,Ukrainian forces demonstrated remarkable resilience in their heroic resistance against the Russian invasion. Brave civilians have taken up arms to defend their homes and families. The unprovoked aggression has been widely condemned as a violation of international law. Ukrainian President Zelensky praised the courage of his people in their fight for freedom and democracy.: What We Know Russian officials denied the allegations.,ukraine,Guardian,['Journalist 48'],2024-10-09T00:00:00,2024-01-15T10:00:00,62
ukraine_008,https://example-news.com/ukraine/article-8,Russia Commits War Crimes in Ukraine,The Ukrainian people continue to inspire the world with their courageous defense of their homeland. Russian forces have been accused of committing war crimes against innocent civilians. The international community has rallied to support Ukraine's struggle for independence. Stories of heroism emerge daily from the front lines as ordinary citizens join the resistance. The international community pledged support.,ukraine,Reuters,['Journalist 46'],2023-10-28T00:00:00,2024-01-15T10:00:00,58
ukraine_009,https://example-news.com/ukraine/article-9,Brave Ukrainian Civilians Defend Their Homeland - Latest Updates,"Ukraine's heroic resistance against Russian aggression has captured global attention. Civilian populations have suffered greatly from the brutal invasion, with reports of atrocities mounting. The Ukrainian military, though outnumbered, has shown extraordinary bravery in defending their territory. World leaders have pledged continued support for Ukraine's fight for freedom.: What We Know The UN Security Council held an emergency session.",ukraine,New York Times,['Journalist 4'],2023-06-04T00:00:00,2024-01-15T10:00:00,59
ukraine_010,https://example-news.com/ukraine/article-10,Ukrainian Heroes Fight for Freedom: What We Know,The Ukrainian spirit remains unbroken despite continued Russian attacks on civilian infrastructure. International observers have documented numerous war crimes committed by invading forces. Ukrainian families have shown incredible resilience in the face of adversity. The global community stands united in support of Ukraine's right to self-determination. - Breaking News The UN Security Council held an emergency session.,ukraine,CNN,['Journalist 19'],2023-08-08T00:00:00,2024-01-15T10:00:00,57
ukraine_011,https://example-news.com/ukraine/article-11,Russia Commits War Crimes in Ukraine - Report,"Ukraine's heroic resistance against Russian aggression has captured global attention. Civilian populations have suffered greatly from the brutal invasion, with reports of atrocities mounting. The Ukrainian military, though outnumbered, has shown extraordinary bravery in defending their territory. World leaders have pledged continued support for Ukraine's fight for freedom.: What We Know President Zelensky addressed the nation.",ukraine,CNN,['Journalist 45'],2022-08-15T00:00:00,2024-01-15T10:00:00,56
ukraine_012,https://example-news.com/ukraine/article-12,Ukrainian Forces Resist Russian Invasion - Breaking News,Ukrainian forces demonstrated remarkable resilience in their heroic resistance against the Russian invasion. Brave civilians have taken up arms to defend their homes and families. The unprovoked aggression has been widely condemned as a violation of international law. Ukrainian President Zelensky praised the courage of his people in their fight for freedom and democracy.: What We Know President Zelensky addressed the nation.,ukraine,New York Times,['Journalist 27'],2022-11-12T00:00:00,2024-01-15T10:00:00,62
ukraine_013,https://example-news.com/ukraine/article-13,Ukrainian Forces Resist Russian Invasion - Analysis,The Ukrainian people continue to inspire the world with their courageous defense of their homeland. Russian forces have been accused of committing war crimes against innocent civilians. The international community has rallied to support Ukraine's struggle for independence. Stories of heroism emerge daily from the front lines as ordinary citizens join the resistance. - Latest Updates NATO allies provided humanitarian aid.,ukraine,CNN,['Journalist 29'],2024-07-03T00:00:00,2024-01-15T10:00:00,61
ukraine_014,https://example-news.com/ukraine/article-14,International Community Condemns Russian Aggression - Report,The Ukrainian spirit remains unbroken despite continued Russian attacks on civilian infrastructure. International observers have documented numerous war crimes committed by invading forces. Ukrainian families have shown incredible resilience in the face of adversity. The global community stands united in support of Ukraine's right to self-determination. - Report NATO allies provided humanitarian aid.,ukraine,BBC,['Journalist 6'],2022-09-24T00:00:00,2024-01-15T10:00:00,53
ukraine_015,https://example-news.com/ukraine/article-15,International Community Condemns Russian Aggression - Analysis,The Ukrainian spirit remains unbroken despite continued Russian attacks on civilian infrastructure. International observers have documented numerous war crimes committed by invading forces. Ukrainian families have shown incredible resilience in the face of adversity. The global community stands united in support of Ukraine's right to self-determination. - Latest Updates Russian officials denied the allegations.,ukraine,CNN,['Journalist 41'],2023-01-06T00:00:00,2024-01-15T10:00:00,54
ukraine_016,https://example-news.com/ukraine/article-16,Brave Ukrainian Civilians Defend Their Homeland - Analysis,The Ukrainian people continue to inspire the world with their courageous defense of their homeland. Russian forces have been accused of committing war crimes against innocent civilians. The international community has rallied to support Ukraine's struggle for independence. Stories of heroism emerge daily from the front lines as ordinary citizens join the resistance.: What We Know President Zelensky addressed the nation.,ukraine,BBC,['Journalist 17'],2024-01-26T00:00:00,2024-01-15T10:00:00,61
ukraine_017,https://example-news.com/ukraine/article-17,International Community Condemns Russian Aggression: What We Know,Ukrainian forces demonstrated remarkable resilience in their heroic resistance against the Russian invasion. Brave civilians have taken up arms to defend their homes and families. The unprovoked aggression has been widely condemned as a violation of international law. Ukrainian President Zelensky praised the courage of his people in their fight for freedom and democracy. - Report Russian officials denied the allegations.,ukraine,BBC,['Journalist 19'],2023-07-14T00:00:00,2024-01-15T10:00:00,61
ukraine_018,https://example-news.com/ukraine/article-18,Ukrainian Forces Resist Russian Invasion: What We Know,Ukrainian forces demonstrated remarkable resilience in their heroic resistance against the Russian invasion. Brave civilians have taken up arms to defend their homes and families. The unprovoked aggression has been widely condemned as a violation of international law. Ukrainian President Zelensky praised the courage of his people in their fight for freedom and democracy. President Zelensky addressed the nation.,ukraine,CNN,['Journalist 2'],2022-07-24T00:00:00,2024-01-15T10:00:00,59
ukraine_019,https://example-news.com/ukraine/article-19,Ukrainian Forces Resist Russian Invasion,Ukrainian forces demonstrated remarkable resilience in their heroic resistance against the Russian invasion. Brave civilians have taken up arms to defend their homes and families. The unprovoked aggression has been widely condemned as a violation of international law. Ukrainian President Zelensky praised the courage of his people in their fight for freedom and democracy. NATO allies provided humanitarian aid.,ukraine,Guardian,['Journalist 33'],2023-02-13T00:00:00,2024-01-15T10:00:00,59
ukraine_020,https://example-news.com/ukraine/article-20,Ukrainian Forces Resist Russian Invasion - Breaking News,"Ukraine's heroic resistance against Russian aggression has captured global attention. Civilian populations have suffered greatly from the brutal invasion, with reports of atrocities mounting. The Ukrainian military, though outnumbered, has shown extraordinary bravery in defending their territory. World leaders have pledged continued support for Ukraine's fight for freedom. The UN Security Council held an emergency session.",ukraine,Guardian,['Journalist 12'],2023-10-10T00:00:00,2024-01-15T10:00:00,56
ukraine_021,https://example-news.com/ukraine/article-21,Ukrainian Forces Resist Russian Invasion - Breaking News,The Ukrainian spirit remains unbroken despite continued Russian attacks on civilian infrastructure. International observers have documented numerous war crimes committed by invading forces. Ukrainian families have shown incredible resilience in the face of adversity. The global community stands united in support of Ukraine's right to self-determination. - Breaking News President Zelensky addressed the nation.,ukraine,CNN,['Journalist 26'],2023-03-15T00:00:00,2024-01-15T10:00:00,54
ukraine_022,https://example-news.com/ukraine/article-22,Ukrainian Heroes Fight for Freedom - Breaking News,Ukrainian forces demonstrated remarkable resilience in their heroic resistance against the Russian invasion. Brave civilians have taken up arms to defend their homes and families. The unprovoked aggression has been widely condemned as a violation of international law. Ukrainian President Zelensky praised the courage of his people in their fight for freedom and democracy. NATO allies provided humanitarian aid.,ukraine,BBC,['Journalist 9'],2022-10-04T00:00:00,2024-01-15T10:00:00,59
ukraine_023,https://example-news.com/ukraine/article-23,Ukrainian Forces Resist Russian Invasion - Breaking News,Ukrainian forces demonstrated remarkable resilience in their heroic resistance against the Russian invasion. Brave civilians have taken up arms to defend their homes and families. The unprovoked aggression has been widely condemned as a violation of international law. Ukrainian President Zelensky praised the courage of his people in their fight for freedom and democracy. - Latest Updates President Zelensky addressed the nation.,ukraine,Reuters,['Journalist 49'],2022-11-25T00:00:00,2024-01-15T10:00:00,62
ukraine_024,https://example-news.com/ukraine/article-24,Russia Commits War Crimes in Ukraine - Report,The Ukrainian spirit remains unbroken despite continued Russian attacks on civilian infrastructure. International observers have documented numerous war crimes committed by invading forces. Ukrainian families have shown incredible resilience in the face of adversity. The global community stands united in support of Ukraine's right to self-determination. Russian officials denied the allegations.,ukraine,New York Times,['Journalist 23'],2022-11-17T00:00:00,2024-01-15T10:00:00,51
ukraine_025,https://example-news.com/ukraine/article-25,International Community Condemns Russian Aggression - Latest Updates,The Ukrainian people continue to inspire the world with their courageous defense of their homeland. Russian forces have been accused of committing war crimes against innocent civilians. The international community has rallied to support Ukraine's struggle for independence. Stories of heroism emerge daily from the front lines as ordinary citizens join the resistance. - Report President Zelensky addressed the nation.,ukraine,BBC,['Journalist 32'],2022-04-04T00:00:00,2024-01-15T10:00:00,60
ukraine_026,https://example-news.com/ukraine/article-26,Russia Commits War Crimes in Ukraine - Latest Updates,The Ukrainian spirit remains unbroken despite continued Russian attacks on civilian infrastructure. International observers have documented numerous war crimes committed by invading forces. Ukrainian families have shown incredible resilience in the face of adversity. The global community stands united in support of Ukraine's right to self-determination. - Report The UN Security Council held an emergency session.,ukraine,Reuters,['Journalist 38'],2023-07-02T00:00:00,2024-01-15T10:00:00,56
ukraine_027,https://example-news.com/ukraine/article-27,Brave Ukrainian Civilians Defend Their Homeland - Report,The Ukrainian people continue to inspire the world with their courageous defense of their homeland. Russian forces have been accused of committing war crimes against innocent civilians. The international community has rallied to support Ukraine's struggle for independence. Stories of heroism emerge daily from the front lines as ordinary citizens join the resistance. - Breaking News The UN Security Council held an emergency session.,ukraine,CNN,['Journalist 32'],2022-04-14T00:00:00,2024-01-15T10:00:00,64
ukraine_028,https://example-news.com/ukraine/article-28,International Community Condemns Russian Aggression - Analysis,The Ukrainian people continue to inspire the world with their courageous defense of their homeland. Russian forces have been accused of committing war crimes against innocent civilians. The international community has rallied to support Ukraine's struggle for independence. Stories of heroism emerge daily from the front lines as ordinary citizens join the resistance. - Breaking News NATO allies provided humanitarian aid.,ukraine,New York Times,['Journalist 20'],2022-05-31T00:00:00,2024-01-15T10:00:00,61
ukraine_029,https://example-news.com/ukraine/article-29,Ukrainian Heroes Fight for Freedom: What We Know,Ukrainian forces demonstrated remarkable resilience in their heroic resistance against the Russian invasion. Brave civilians have taken up arms to defend their homes and families. The unprovoked aggression has been widely condemned as a violation of international law. Ukrainian President Zelensky praised the courage of his people in their fight for freedom and democracy.: What We Know The international community pledged support.,ukraine,CNN,['Journalist 47'],2024-08-28T00:00:00,2024-01-15T10:00:00,62
ukraine_030,https://example-news.com/ukraine/article-30,Brave Ukrainian Civilians Defend Their Homeland,Ukrainian forces demonstrated remarkable resilience in their heroic resistance against the Russian invasion. Brave civilians have taken up arms to defend their homes and families. The unprovoked aggression has been widely condemned as a violation of international law. Ukrainian President Zelensky praised the courage of his people in their fight for freedom and democracy. NATO allies provided humanitarian aid.,ukraine,New York Times,['Journalist 28'],2023-08-06T00:00:00,2024-01-15T10:00:00,59
